﻿{
  "configurations": [
    {
      "name": "x86-Debug",
      "generator": "Ninja",
      "configurationType": "Debug",
      "buildRoot": "${projectDir}\\out\\build\\${name}",
      "installRoot": "${projectDir}\\out\\install\\${name}",
      "cmakeCommandArgs": "-DMYSQL_INCLUDE_DIR=\"${projectDir}\\ext\\mysql\\include\\mysql\" -DMYSQL_LIBRARY=\"${projectDir}\\ext\\mysql\\lib\\libmariadb.lib\"",
      "buildCommandArgs": "",
      "ctestCommandArgs": "",
      "inheritEnvironments": [ "msvc_x86" ],
      "variables": []
    },
    {
      "name": "x86-Release",
      "generator": "Ninja",
      "configurationType": "RelWithDebInfo",
      "buildRoot": "${projectDir}\\out\\build\\${name}",
      "installRoot": "${projectDir}\\out\\install\\${name}",
      "cmakeCommandArgs": "-DMYSQL_INCLUDE_DIR=\"${projectDir}\\ext\\mysql\\include\\mysql\" -DMYSQL_LIBRARY=\"${projectDir}\\ext\\mysql\\lib\\libmariadb.lib\"",
      "buildCommandArgs": "",
      "ctestCommandArgs": "",
      "inheritEnvironments": [ "msvc_x86" ],
      "variables": []
    },
    {
      "name": "x64-Debug",
      "generator": "Ninja",
      "configurationType": "Debug",
      "buildRoot": "${projectDir}\\out\\build\\${name}",
      "installRoot": "${projectDir}\\out\\install\\${name}",
      "cmakeCommandArgs": "-DMYSQL_INCLUDE_DIR=\"${projectDir}\\ext\\mysql\\include\\mysql\" -DMYSQL_LIBRARY=\"${projectDir}\\ext\\mysql\\lib64\\libmariadb64.lib\"",
      "buildCommandArgs": "",
      "ctestCommandArgs": "",
      "inheritEnvironments": [ "msvc_x64_x64" ],
      "variables": []
    },
    {
      "name": "x64-Release",
      "generator": "Ninja",
      "configurationType": "RelWithDebInfo",
      "buildRoot": "${projectDir}\\out\\build\\${name}",
      "installRoot": "${projectDir}\\out\\install\\${name}",
      "cmakeCommandArgs": "-DMYSQL_INCLUDE_DIR=\"${projectDir}\\ext\\mysql\\include\\mysql\" -DMYSQL_LIBRARY=\"${projectDir}\\ext\\mysql\\lib64\\libmariadb64.lib\"",
      "buildCommandArgs": "",
      "ctestCommandArgs": "",
      "inheritEnvironments": [ "msvc_x64_x64" ],
      "variables": []
    },
    {
      "name": "x64-Debug-Tracy",
      "generator": "Ninja",
      "configurationType": "Debug",
      "buildRoot": "${projectDir}\\out\\build\\${name}",
      "installRoot": "${projectDir}\\out\\install\\${name}",
      "cmakeCommandArgs": "-DMYSQL_INCLUDE_DIR=\"${projectDir}\\ext\\mysql\\include\\mysql\" -DMYSQL_LIBRARY=\"${projectDir}\\ext\\mysql\\lib64\\libmariadb64.lib\" -DTRACY_ENABLE=ON",
      "buildCommandArgs": "",
      "ctestCommandArgs": "",
      "inheritEnvironments": [ "msvc_x64_x64" ],
      "variables": []
    },
    {
      "name": "x64-Release-Tracy",
      "generator": "Ninja",
      "configurationType": "RelWithDebInfo",
      "buildRoot": "${projectDir}\\out\\build\\${name}",
      "installRoot": "${projectDir}\\out\\install\\${name}",
      "cmakeCommandArgs": "-DMYSQL_INCLUDE_DIR=\"${projectDir}\\ext\\mysql\\include\\mysql\" -DMYSQL_LIBRARY=\"${projectDir}\\ext\\mysql\\lib64\\libmariadb64.lib\" -DTRACY_ENABLE=ON",
      "buildCommandArgs": "",
      "ctestCommandArgs": "",
      "inheritEnvironments": [ "msvc_x64_x64" ],
      "variables": []
    }
  ]
}
